tanda,iata,aeropuerto,pais,rutas_en_hoja,ruta1,ruta2,ruta3,ruta4,ruta5
"1","LYS","Lyon-Saint-Exupéry","Francia","583","Lyon ciudad","Annecy","Courchevel 1300 3 Valleys","Val Thorens","Val-d'Isère"
"1","CMF","Chambéry-Savoie","Francia","369","Courchevel 1300 3 Valleys","Méribel","Val Thorens","Tignes Le Lac","Val-d'Isère"
"1","GNB","Grenoble-Alpes-Isère","Francia","369","Grenoble","L'Alpe d'Huez (Villard-Reculas)","Les Deux Alpes","Val Thorens","Serre Chevalier"
"1","SZG","Salzburgo","Austria","521","Salzburg","Kitzbuhel","Bad Gastein","Saalbach-Hinterglemm","Zell am See"
"1","INN","Innsbruck","Austria","495","Innsbruck","Ischgl","Sölden","St. Anton am Arlberg","Mayrhofen (Schwendau)"
"1","KLU","Klagenfurt","Austria","74","Villach","Bad Kleinkirchheim","Nassfeld","Bled","Rennweg am Katschberg"
"1","LUG","Lugano","Suiza","583","Lugano","Milan","Como","St Moritz","Zurich"
"1","BSL","Basilea-Mulhouse","Francia/Suiza","275","Basel City Centre","Zurich","Colmar","Strasbourg City Centre","Freiburg im Breisgau"
"1","TRN","Turín","Italia","278","Turín","Sestriere","Bardonecchia","Sauze d'Oulx","Courmayeur"
"1","FMM","Memmingen (Múnich Oeste)","Alemania","189","Munich","Innsbruck","Füssen","Oberstdorf","Lindau"
"1","TAT","Poprad-Tatry","Eslovaquia","8","Zakopane","Ružomberok","Bialka Tatrzańska","Liptovský Mikuláš","Banská Štiavnica"
"1","KTW","Katowice","Polonia","89","Katowice City Centre","Kraków","Zakopane","Czestochowa","Ostrava"
"1","KRK","Cracovia","Polonia","83","Kraków","Zakopane","Katowice City Centre","Bialka Tatrzańska","Czestochowa"
"1","WRO","Breslavia","Polonia","49","Karpacz","Kraków","Jelenia Gora","Swidnica","Zakopane"
"1","RVN","Rovaniemi (Laponia)","Finlandia","35","Rovaniemi City Centre","Santa Claus Village","Levi","Saariselka","Pyha"
"1","TRF","Sandefjord-Torp (Oslo)","Noruega","18","Oslo ciudad","Sandefjord","Tønsberg","Lillehammer","Hemsedal"
"2","PSA","Pisa","Italia","523","Pisa","Lucca","Siena","Forte dei Marmi","Cinque Terre"
"2","BLQ","Bolonia","Italia","306","Bologna","Modena","Rimini","Ravenna","Ferrara"
"2","TSF","Treviso (Venecia)","Italia","352","Venice Piazzale Roma","Treviso ciudad","Cortina d Ampezzo","Jesolo","Padova"
"2","TRS","Trieste","Italia","91","Trieste","Portorož","Piran","Ljubljana","Opatija"
"2","AOI","Ancona","Italia","44","Ancona (Sirolo)","Senigallia","Pesaro","Riccione","Rimini"
"2","PEG","Perugia","Italia","119","Perugia","Florence","Siena","Montepulciano","Assisi"
"2","PSR","Pescara","Italia","35","Pescara","Vasto","Roseto degli Abruzzi","Montesilvano","Termoli"
"2","TLS","Toulouse","Francia","316","Toulouse city","Carcassonne city","Andorra","Lourdes","Albi"
"2","BOD","Burdeos","Francia","315","Burdeos ciudad","Arcachon","Saint Emilion","Biarritz","Lacanau"
"2","MRS","Marsella","Francia","254","Marsella ciudad","Aix-en-Provence","Cassis","Avignon","Saint Tropez"
"2","MPL","Montpellier","Francia","241","Montpellier city","Nîmes","Sète","Cap d'Agde","La Grande-Motte"
"2","RNS","Rennes","Francia","227","Rennes","Saint-Malo","Mont Saint-Michel","Dinard","Dinan"
"2","NTE","Nantes","Francia","207","Nantes ciudad","La Baule-Escoublac","Saint-Nazaire","Pornic","Vannes"
"2","LIL","Lille","Francia","34","Lille","Brussels","Brugge","Disneyland Paris","Ostend"
"2","CCF","Carcasona","Francia","175","Carcassonne city","Toulouse city","Narbonne","Perpignan","Andorra"
"2","PGF","Perpiñán","Francia","134","Perpignan","Argelès-sur-Mer","Andorra","Pas de la Casa","Narbonne"
"2","FNI","Nimes","Francia","131","Nîmes","Avignon","Arles","Montpellier city","Sète"
"2","BZR","Béziers","Francia","53","Cap d'Agde","Agde","Carcassonne city","Portiragnes Plage","Frontignan"
"2","EGC","Bergerac","Francia","146","Bergerac","Sarlat-la-Canéda","Burdeos ciudad","Le Bugue","Souillac"
"2","LRH","La Rochelle","Francia","32","Saint-Martin-de-Ré","Isla de Oléron","Châtelaillon-Plage","Fouras","Rivedoux"
"2","AJA","Ajaccio (Córcega)","Francia","98","Ajaccio","Bonifacio Corsica","Calvi city","Corte","Cargese"
"2","BIA","Bastia (Córcega)","Francia","99","Bastia","Ile-Rousse","Calvi city","Corte","Erbalunga"
"2","CLY","Calvi (Córcega)","Francia","73","Calvi city","Ile-Rousse","Algajola","Belgodère","Lumio"
"2","FSC","Figari (Córcega)","Francia","89","Bonifacio Corsica","Conca","Levie","Bavella","Porto Vecchio"
"2","ANR","Amberes","Bélgica","261","Antwerpen","Brussels","Ghent","Brugge","Rotterdam"
"2","LGG","Lieja","Bélgica","263","Liège","Brussels","Maastricht","Cologne","Spa"
"2","LUX","Luxemburgo","Luxemburgo","89","Luxemburgo ciudad","Liège","Metz","Nancy","Bastogne"
"2","STR","Stuttgart","Alemania","330","Stuttgart","Baden Baden","Heidelberg","Ulm","Karlsruhe"
"2","HHN","Frankfurt-Hahn","Alemania","231","Frankfurt","Koblenz","Trier","Cochem","Luxemburgo ciudad"
"2","NRN","Weeze (Düsseldorf)","Alemania","213","Düsseldorf","Cologne","Nijmegen","Arnhem","Venlo"
"2","DTM","Dortmund","Alemania","118","Dortmund","Cologne","Düsseldorf","Essen","Münster"
"2","HAJ","Hannover","Alemania","92","Hanover","Berlin City Centre","Celle","Soltau","Bad Harzburg"
"2","HAM","Hamburgo","Alemania","80","Hamburg","Kiel","Travemünde","Berlin City Centre","Fehmarn"
"2","LEJ","Leipzig","Alemania","16","Leipzig","Gera","Colditz","Markkleeberg","Bitterfeld"
"2","CPH","Copenhague","Dinamarca","70","Copenhagen City Centre","Malmo","Helsingborg","Lund","Odense"
"2","BLL","Billund","Dinamarca","54","Legoland","Billund","Aarhus City Centre","Esbjerg","Odense"
"2","NYO","Estocolmo-Skavsta","Suecia","56","Stockholm city centre","Nynäshamn","Uppsala","Eskilstuna","Solna"
"2","BMA","Estocolmo-Bromma","Suecia","33","Stockholm city centre","Uppsala","Sigtuna","Nacka","Täby"
"2","GOT","Gotemburgo","Suecia","38","Gothenburg city","Borås","Kungsbacka","Marstrand","Jönköping"
"2","KEF","Keflavík (Reikiavik)","Islandia","28","Reikiavik","Blue Lagoon","Grindavik","Selfoss","Hveragerdi"
"2","HEL","Helsinki","Finlandia","39","Helsinki ciudad","Espoo","Lahti","Jyväskylä","Lappeenranta"
"2","RIX","Riga","Letonia","41","Riga City Centre","Jūrmala","Vilnius City Centre","Tallinn City Centre","Liepaja"
"2","TLL","Tallin","Estonia","28","Tallinn City Centre","Parnu","Tartu","Narva","Riga City Centre"
"2","VNO","Vilna","Lituania","40","Vilnius City Centre","Trakai","Kaunas","Druskininkai","Klaipeda"
"2","KUN","Kaunas","Lituania","33","Kaunas","Vilnius City Centre","Druskininkai","Palanga","Nida"
"2","WAW","Varsovia-Chopin","Polonia","86","Kraków","Lodz","Torun","Zakopane","Lublin"
"2","GDN","Gdansk","Polonia","54","Sopot","Gdynia","Hel","Jurata","Kołobrzeg"
"2","POZ","Poznan","Polonia","37","Wrocław","Warsaw","Torun","Bydgoszcz","Gniezno"
"2","BTS","Bratislava","Eslovaquia","32","Vienna","Budapest","Brno city","Sopron","Ružomberok"
"2","ZAG","Zagreb","Croacia","38","Kranjska Gora","Samobor","Varazdin","Trieste","Senj"
"2","SOF","Sofía","Bulgaria","95","Sofia City Centre","Velingrad","Sandanski","Koprivshtitsa","Chepelare"
"2","PDV","Plovdiv","Bulgaria","17","Chepelare","Velingrad","Kazanlak","Karlovo","Koprivshtitsa"
"3","BIO","Bilbao","España","212","Santander","Vitoria / Gasteiz","Pamplona / Iruña","Biarritz","Getxo"
"3","RMU","Murcia-Corvera","España","177","Murcia","La Manga","Cartagena","Torrevieja","Los Alcázares"
"3","LEI","Almería","España","117","Almería","Roquetas de Mar","Playas de Vera","San José","Aguadulce"
"3","MAH","Menorca","España","49","Ciutadella","Cala Galdana","Fornells","Cala'n Bosch","Arenal d'en Castell"
"3","LPA","Gran Canaria","España","48","Maspalomas","Playa del Inglés","Las Palmas de Gran Canaria","Amadores","Mogán"
"3","SPC","La Palma","España","24","Santa Cruz de La Palma","Los Cancajos","Los Llanos","Tazacorte","Puntagorda"
"3","ZAZ","Zaragoza","España","42","Zaragoza","Jaca","Huesca","Baqueira-Beret","Vielha"
"3","PNA","Pamplona","España","65","Pamplona / Iruña","San Sebastián / Donostia","Logroño","Jaca","Estella-Lizarra"
"3","EAS","San Sebastián","España","62","Biarritz","Hendaye","Zarautz","Hondarribia","Bayonne"
"3","VIT","Vitoria","España","12","Vitoria / Gasteiz","Logroño","Pamplona / Iruña","Elciego","San Sebastián / Donostia"
"3","OVD","Asturias","España","64","Oviedo","Cudillero","Arriondas","Luarca","Candás"
"3","LCG","A Coruña","España","34","La Coruña","Cedeira","Pontedeume","Ribeira","Ares (Galicia)"
"3","SOU","Southampton","Reino Unido","277","Southampton","London City Center","Portsmouth","Bournemouth","Salisbury"
"3","BOH","Bournemouth","Reino Unido","238","Bournemouth","Poole","London City Center","Southampton","Weymouth"
"3","SEN","Londres-Southend","Reino Unido","212","London City Center","Colchester","Chelmsford","Cambridge","Leigh-on-Sea"
"3","BRS","Bristol","Reino Unido","145","Bristol","Bath","Cardiff","Cheltenham","London City Center"
"3","GLA","Glasgow","Reino Unido","138","Glasgow","Edinburgh","Stirling","Inverness","Aviemore"
"3","LPL","Liverpool","Reino Unido","58","Liverpool","Manchester","Chester","Blackpool","Southport"
"3","EMA","East Midlands","Reino Unido","56","Nottingham","Derby","Leicester","Birmingham","Manchester"
"3","LBA","Leeds Bradford","Reino Unido","53","Leeds","York","Harrogate","Manchester","Sheffield"
"3","NCL","Newcastle","Reino Unido","39","Newcastle upon Tyne","Durham (England)","Edinburgh","Sunderland","Middlesbrough"
"3","ABZ","Aberdeen","Reino Unido","26","Aberdeen","Inverness","Aviemore","Dundee","Edinburgh"
"3","SNN","Shannon","Irlanda","166","Limerick","Galway City Centre","Ennis","Killarney","Dublin"
"3","ORK","Cork","Irlanda","131","Cork","Killarney","Kinsale","Dublin","Galway City Centre"
"3","NOC","Knock","Irlanda","96","Galway City Centre","Westport","Sligo city","Clifden","Donegal"
"3","KIR","Kerry","Irlanda","58","Killarney","Dingle","Tralee","Kenmare","Cork"
"4","SKG","Salónica","Grecia","163","Thessaloniki city","Kassandreia","Paralia Katerinis","Litochoro","Larissa"
"4","CFU","Corfú","Grecia","100","Corfú","Acharavi","Agios Gordios","Arillas","Palaiokastritsa"
"4","CHQ","La Canea (Creta)","Grecia","143","Chania","Rethymnon","Georgioupolis","Platanias, Chania","Kolymvari"
"4","RHO","Rodas","Grecia","54","Faliraki","Ixia","Lindos","Kallithea","Kiotari"
"4","ZTH","Zante","Grecia","48","Kalamaki Zakynthos","Argassi","Alykes","Limni Keriou","Tsilivi"
"4","JMK","Míkonos","Grecia","43","Míkonos ciudad","Ornos","Platis Gialos","Elia","Kalo Livadi"
"4","PAS","Paros","Grecia","35","Parikia","Naoussa","Golden Beach Paros","Aliki","Drios"
"4","JNX","Naxos","Grecia","14","Naxos","Agios Prokopios","Plaka","Agia Anna","Chora"
"4","JSI","Skiathos","Grecia","20","Skiathos Center","Koukounaries","Troulos Beach","Vassilias Beach","Skopelos"
"4","SMI","Samos","Grecia","21","Pythagoreio","Kokkari","Vathy Samos","Karlovassi","Votsalakia"
"4","MJT","Mitilene (Lesbos)","Grecia","19","Mytilini","Mithymna","Petra (Anaxos)","Plomari","Skala Kalloni"
"4","KVA","Kavala","Grecia","30","Limenas","Golden Beach Thassos","Limenaria","Ouranoupolis","Xanthi"
"4","EFL","Cefalonia","Grecia","45","Argostoli","Lassi","Fiskardo / Fiscardo","Lourdata","Katelios"
"4","VOL","Volos","Grecia","17","Kala Nera","Makrinitsa","Portaria (Makrinitsa)","Afissos","Milina"
"4","PVK","Preveza-Léucade","Grecia","22","Agios Nikitas","Nikiana","Perigiali","Vlicho","Kanali"
"4","ADB","Esmirna","Turquía","44","Izmir city centre","Kusadasi","Alaçati","Ozdere","Bodrum"
"4","ASR","Kayseri (Capadocia)","Turquía","20","Göreme","Ürgüp","Uçhisar","Kayseri city","Erciyes Ski Resort"
"4","NAV","Nevsehir (Capadocia)","Turquía","16","Göreme","Ürgüp","Uçhisar","Avanos","Ortahisar"
"4","TZX","Trebisonda","Turquía","20","Trabzon","Uzungöl","Rize","Ayder","Sümela"
"4","TBS","Tiflis","Georgia","24","Tbilisi city center","Batumi","Gudauri","Stepantsminda","Borjomi"
"4","KUT","Kutaisi","Georgia","20","Kutaisi","Batumi","Tbilisi city center","Mestia","Bakuriani"
"4","BUS","Batumi","Georgia","20","Batumi","Kobuleti","Tbilisi city center","Kutaisi","Chakvi"
"5","AMM","Amán","Jordania","26","Petra (Petra Jordan)","Wadi Rum","Dead Sea Hotel","Jerash","Madaba"
"5","AQJ","Áqaba","Jordania","19","Wadi Rum","Petra (Petra Jordan)","Tala Bay","Dead Sea Hotel","Amman City Centre"
"5","MCT","Mascate","Omán","18","Muscat","Nizwa","Sur Oman","Barka Oman","Al Bustan"
"5","TLV","Tel Aviv","Israel","45","Jerusalem","Haifa","Mar Muerto","Tiberíades","Herzliya"
"5","TUN","Túnez-Cartago","Túnez","27","Hammamet","Sousse","Yasmine Hammamet","Sidi Bou Said","Monastir"
"5","NBE","Enfidha-Hammamet","Túnez","25","Hammamet","Yasmine Hammamet","Sousse","Monastir","Nabeul"
"5","MIR","Monastir","Túnez","23","Sousse","Monastir","Mahdia","Hammamet","Skanes"
"5","LXR","Luxor","Egipto","6","Luxor","Edfu","Quseer","Soma Bay","Kharga Oasis"
"5","OZZ","Uarzazat","Marruecos","13","Aït Ben Haddou","Skoura","Boumalne Dades","Agdz","Kalaat M'Gouna"
"5","CPT","Ciudad del Cabo","Sudáfrica","139","Cape Town","Stellenbosch","Hermanus","Franschhoek","Hout Bay"
"5","JNB","Johannesburgo","Sudáfrica","42","Johannesburg city","Kruger National Park","Hazyview","Sandton","Hartbeespoort"
"5","DUR","Durban","Sudáfrica","32","Durban city centre","Umhlanga","Margate","Pietermaritzburg","Richards Bay"
"5","MBA","Mombasa","Kenia","22","Mombasa","Diani Beach","Watamu","Malindi","Kilifi"
"5","SEZ","Seychelles","Seychelles","19","Beau Vallon","Anse Royale","Eden Island","Victoria Seychelles","Baie Lazare"
"5","KBV","Krabi","Tailandia","37","Klong Muang Beach","Khao Lak","Phi Phi Islands","Lanta Island","Ao Nammao"
"5","USM","Koh Samui","Tailandia","32","Chaweng","Lamai Beach","Bophut","Maenam","Choeng Mon Beach"
"5","CNX","Chiang Mai","Tailandia","22","Chiang Mai","Mae Rim","Hang Dong","San Kamphaeng","Lampang"
"5","CMB","Colombo","Sri Lanka","57","Colombo city","Bentota","Galle","Kandy","Negombo"
"5","SIN","Singapur","Singapur","23","Singapore city centre","Sentosa Island","Marina Bay Hotels Singapore","Johor Bahru","Clarke Quay"
"5","KUL","Kuala Lumpur","Malasia","47","Kuala Lumpur City Center","Genting Highlands","Malacca","Ipoh","Batu Caves"
"5","CGK","Yakarta","Indonesia","49","Jakarta","Bandung","Bogor","Depok","BSD"
"5","SUB","Surabaya","Indonesia","40","Kota Surabaya","Malang","Batu","Probolinggo","Banyuwangi"
"5","YIA","Yogyakarta","Indonesia","25","Yogyakarta","Borobudur","Magelang","Semarang","Parangtritis"
"5","MNL","Manila","Filipinas","73","Manila","Makati","Ángeles","Subic Bay","Baguio"
"5","CRK","Clark","Filipinas","25","Ángeles","Subic Bay","Manila","Baguio","Olongapo"
"5","CEB","Cebú","Filipinas","33","Cebu City","Mactan Beaches","Moalboal","Oslob","Bohol"
"5","ICN","Seúl-Incheon","Corea del Sur","33","Seoul centro ciudad","Myeongdong","Gangnam-gu","Itaewon","Incheon City Center"
"5","TPE","Taipéi","Taiwán","19","Taipei Downtown","Taichung","Taoyuan","Hualien City","Kaohsiung City"
"5","OKA","Okinawa","Japón","18","Naha","Onna","Nago","Chatan","Motobu"
"5","HAN","Hanói","Vietnam","16","Hà Noi","Bahía de Ha-Long","Ninh Binh","Sa Pa","Hai Phong"
"5","DAD","Da Nang","Vietnam","13","Da Nang City Centre","Hoi An","Ba Na (Vietnam)","Non Nuoc beach","Nam Hoi An"
"5","PNH","Nom Pen","Camboya","19","Siem Reap","Kampot","Kep","Krong Preah Sihanouk","Battambang"
"5","GOI","Goa-Dabolim","India","37","Calangute","Baga (Goa)","Candolim","Anjuna","Panjim"
"5","GOX","Goa-Mopa","India","18","Calangute","Baga (Goa)","Candolim","Arambol","Panjim"
"5","COK","Kochi","India","41","Alappuzha","Kumarakom","Kovalam","Varkala","Cochín"
"5","TRV","Trivandrum","India","28","Kovalam","Varkala","Poovar","Kanyakumari","Trivandrum / Thiruvananthapuram"
"5","SFB","Orlando-Sanford","EE. UU.","16","Orlando","Lake Buena Vista","International Drive North","Disney World Hotels","Windermere Florida"
"5","PBI","West Palm Beach","EE. UU.","20","Miami Beach","Palm Beach FL","Orlando","Naples","Lake Worth (Greenacres)"
"5","SNA","Orange County (Los Ángeles)","EE. UU.","28","Anaheim","Santa Monica","Los Angeles","Irvine (California)","Carlsbad"
"5","KOA","Kona (Hawái)","EE. UU.","15","Kohala Coast","Kona","Hapuna beach","Hualalai","Kukio"
"5","LIH","Lihue (Kauai)","EE. UU.","20","Poipu Beach","Princeville","Koloa","Lihue","Kilauea"
"5","SJD","Los Cabos","México","82","Cabo San Lucas","Cabo Bello","Cabo Pulmo","Diamante (Baja California Sur)","Flora Farms"
"5","PVR","Puerto Vallarta","México","30","Nuevo Vallarta","Sayulita","Punta de Mita","Bucerias","Marina Vallarta"
"5","GDL","Guadalajara","México","36","Guadalajara","Chapala","Ajijic","Tequila","Mazamitla"
"5","HAV","La Habana","Cuba","31","Viñales","Trinidad (Trinidad Cuba)","Cienfuegos","Playas del Este","Playa Jibacoa"
"5","VRA","Varadero","Cuba","21","Varadero","Havana","Cardenas","Matanzas","Playa Larga"
"5","HOG","Holguín","Cuba","23","Guardalavaca","Playa Pesquero","Holguin","Santiago de Cuba","Playa Esmeralda"
"5","LRM","La Romana","R. Dominicana","12","Playa Dominicus","Punta Cana town","Santo Domingo","Miches","Arena Gorda"
"5","UVF","Santa Lucía","Santa Lucía","25","Rodney Bay","Gros Islet","Soufrière Bay","Marigot Bay","Castries City"
"5","BGI","Barbados","Barbados","15","Bridgetown","Holetown","Speightstown","Oistins","Worthing"
"5","ANU","Antigua","Antigua y Barbuda","22","English Harbour","Jolly Harbour","Falmouth Harbour","Hodges Bay","Turners Beach"
"5","PLS","Providenciales","Turks y Caicos","10","Grace Bay","Leeward Settlement","Sapodilla Bay","Taylor Bay","The Bight Settlement"
"5","LIR","Liberia (Guanacaste)","Costa Rica","34","Tamarindo","Nosara","La Fortuna","Monteverde","Manuel Antonio"
"5","LIM","Lima","Perú","26","Lima","Miraflores Peru","Paracas","Huacachina","Nazca"
"5","MVD","Montevideo","Uruguay","19","Montevideo","Punta del Este","Colonia del Sacramento","Piriápolis","José Ignacio"
"5","MCZ","Maceió","Brasil","100","Maceió","Maragogi","São Miguel dos Milagres","Japaratinga","Praia do Frances"
"5","REC","Recife","Brasil","54","Recife","Porto de Galinhas","Maragogi","João Pessoa","Cabo de Santo Agostinho"
"5","NAT","Natal","Brasil","18","Natal","Pipa Beach","Ponta Negra","Praia de Genipabu","Maracajau"
"5","FOR","Fortaleza","Brasil","57","Fortaleza","Cumbuco","Canoa Quebrada","Beach Park (Ceará)","Flecheiras"
"5","SSA","Salvador de Bahía","Brasil","20","Salvador","Praia do Forte","Imbassaí","Costa do Sauípe","Guarajuba"
