URL,Último rastreo
https://titantransfers.com/ar/nakl-mataar/barcelona/traslados-aeropuerto-barcelona-a-salou/,2026-08-22
https://titantransfers.com/it/trasferimenti-aeroporto-taxi-privato/aeroporto-internazionale-di-tulum/transfer-tulum-to-playa-paraiso/,2026-08-22
https://titantransfers.com/it/trasferimenti-aeroporto-taxi-privato/aeroporto-internazionale-di-tulum/transfer-tulum-to-puerto-juarez/,2026-08-22
https://titantransfers.com/it/trasferimenti-aeroporto-taxi-privato/aeroporto-di-istanbul/transfer-istanbul-to-umraniye/,2026-08-22
https://titantransfers.com/airports/new-york-airport-transfers__trashed/new-york-jfk-airport-transfers/,2026-08-21
https://titantransfers.com/it/trasferimenti-aeroporto-taxi-privato/aeroporto-internazionale-di-baltimora-washington/transfer-baltimore-washington-to-washington-dc/,2026-08-21
https://titantransfers.com/it/trasferimenti-aeroporto-taxi-privato/aeroporto-internazionale-di-buffalo-niagara/transfer-buffalo-niagara-to-niagara-falls-usa/,2026-08-21
https://titantransfers.com/ar/nakl-mataar/barcelona/traslados-aeropuerto-barcelona-a-tarragona/,2026-08-21
https://titantransfers.com/it/trasferimenti-aeroporto-taxi-privato/istanbul/transfer-istanbul-to-halkali/,2026-08-21
https://titantransfers.com/it/trasferimenti-aeroporto-taxi-privato/aeroporto-internazionale-di-cancun/transfer-cancun-to-puerto-juarez/,2026-08-21
https://titantransfers.com/it/trasferimenti-aeroporto-taxi-privato/istanbul-sabiha-gokcen/trasferimento-dall-aeroporto-di-istanbul-sabiha-gokcen-a-umraniye/,2026-08-21
https://titantransfers.com/ar/nakl-mataar/aeroporto-di-barcellona-el-prat/barcelona-el-prat-to-sitges/,2026-08-21
https://titantransfers.com/it/trasferimenti-aeroporto-taxi-privato/aeroporto-di-istanbul-sabiha-gokcen/transfer-istanbul-sabiha-gokcen-to-pendik/,2026-08-21
https://titantransfers.com/it/trasferimenti-aeroporto-taxi-privato/aeroporto-di-istanbul-sabiha-gokcen/transfer-istanbul-sabiha-gokcen-to-kadikoy/,2026-08-21
https://titantransfers.com/it/trasferimenti-aeroporto-taxi-privato/aeroporto-internazionale-di-cozumel/transfer-cozumel-to-zona-2-secrets-aura-cozumel/,2026-08-21
https://titantransfers.com/ar/nakl-mataar/aeroporto-internazionale-di-baltimora-washington/transfer-baltimore-washington-to-washington-dc/,2026-08-20
https://titantransfers.com/it/trasferimenti-aeroporto-taxi-privato/istanbul-sabiha-gokcen/trasferimento-dall-aeroporto-di-istanbul-sabiha-gokcen-a-pendik/,2026-08-20
https://titantransfers.com/it/trasferimenti-aeroporto-taxi-privato/istanbul/trasferimento-dall-aeroporto-di-istanbul-a-halkali/,2026-08-19
https://titantransfers.com/it/trasferimenti-aeroporto-taxi-privato/istanbul/transfer-dall-aeroporto-di-istanbul-a-umraniye/,2026-08-19
https://titantransfers.com/it/trasferimenti-aeroporto-taxi-privato/estambul/traslado-istanbul-a-halkali/,2026-08-18
https://titantransfers.com/it/trasferimenti-aeroporto-taxi-privato/aeroporto-internazionale-di-washington-dulles/transfer-washington-dulles-to-washington-dc/,2026-08-18
https://titantransfers.com/it/trasferimenti-aeroporto-taxi-privato/istanbul-sabiha-gokcen/trasferimento-dall-aeroporto-di-istanbul-sabiha-gokcen-a-halkali/,2026-08-17
https://titantransfers.com/it/trasferimenti-aeroporto-taxi-privato/istanbul-sabiha-gokcen/trasferimento-dall-aeroporto-di-istanbul-sabiha-gokcen-a-fatih/,2026-08-17
https://titantransfers.com/it/trasferimenti-aeroporto-taxi-privato/cozumel/transfer-cozumel-to-zona-2-secrets-aura-cozumel/,2026-08-17
https://titantransfers.com/es/traslados-aeropuerto-privados-taxi/buffalo/transfer-buffalo-niagara-to-niagara-falls-canada/,2026-08-17
https://titantransfers.com/it/trasferimenti-aeroporto-taxi-privato/washington-ronald-reagan/trasferimento-dall-aeroporto-nazionale-ronald-reagan-di-washington-a-washington-dc/,2026-08-16
https://titantransfers.com/it/trasferimenti-aeroporto-taxi-privato/tulum/trasferimento-dall-aeroporto-internazionale-di-tulum-a-playa-paraiso/,2026-08-16
https://titantransfers.com/fr/transferts-prives-taxi/,2026-08-10
https://titantransfers.com/it/trasferimenti-aeroporto-taxi-privato/istanbul-sabiha-gokcen/transfer-istanbul-sabiha-gokcen-to-kadikoy/,2026-08-08
https://titantransfers.com/fr/transferts-aeroport-taxi-prive/,2026-08-08
https://titantransfers.com/airport-transfers-private-taxi/istanbul/traslado-istanbul-a-kadikoy/,2026-08-07
https://titantransfers.com/airport-transfers-private-taxi/estambul/traslado-istanbul-a-kadikoy/,2026-08-07
https://titantransfers.com/ar/nakl-mataar/istanbul/transfer-istanbul-to-umraniye/,2026-08-07
https://titantransfers.com/it/trasferimenti-aeroporto-taxi-privato/aeroporto-di-barcellona-el-prat/barcelona-el-prat-to-salou/,2026-08-07
https://titantransfers.com/it/trasferimenti-aeroporto-taxi-privato/tulum/trasferimento-dall-aeroporto-internazionale-di-tulum-a-x-puha/,2026-08-07
https://titantransfers.com/it/trasferimenti-aeroporto-taxi-privato/tulum/transfer-tulum-to-puerto-juarez/,2026-08-07
https://titantransfers.com/airport-transfers-private-taxi/aeroporto-di-istanbul-sabiha-gokcen/transfer-istanbul-sabiha-gokcen-to-umraniye/,2026-08-05
https://titantransfers.com/it/trasferimenti-aeroporto-taxi-privato/barcelona/aeroporto-di-barcellona-el-prat-a-girona/,2026-08-05
https://titantransfers.com/it/trasferimenti-aeroporto-taxi-privato/istanbul-sabiha-gokcen/trasferimento-dall-aeroporto-di-istanbul-sabiha-gokcen-a-kad-koy/,2026-08-05
https://titantransfers.com/airport-transfers-private-taxi/barcelona/traslados-aeropuerto-barcelona-a-salou/,2026-08-05
https://titantransfers.com/it/trasferimenti-aeroporto-taxi-privato/istanbul/trasferimento-dall-aeroporto-di-istanbul-a-bakirkoy/,2026-08-03
https://titantransfers.com/ar/nakl-mataar/,2026-08-03
https://titantransfers.com/ar/nakl-mataar/aeroporto-di-barcellona-el-prat/barcelona-el-prat-to-tarragona/,2026-07-27
https://titantransfers.com/airport-transfers-private-taxi/tulum/traslado-tulum-a-x-puha/,2026-07-25
https://titantransfers.com/it/trasferimenti-aeroporto-taxi-privato/cozumel/traslado-cozumel-a-zona-1-casa-mexicana/,2026-07-25
https://titantransfers.com/de/private-transfers-taxi/,2026-07-25
https://titantransfers.com/airport-transfers-private-taxi/aeroporto-di-barcellona-el-prat/transfer-barcelona-el-prat-to-vilanova-i-la-geltru/,2026-07-24
https://titantransfers.com/it/trasferimenti-privati-taxi/,2026-07-24
https://titantransfers.com/it/trasferimenti-aeroporto-taxi-privato/estambul/traslado-istanbul-a-fatih/,2026-07-23
https://titantransfers.com/it/trasferimenti-aeroporto-taxi-privato/cozumel/trasferimento-dall-aeroporto-internazionale-di-cozumel-a-zona-2-secrets-aura-cozumel/,2026-07-21
https://titantransfers.com/gang-sheets,2026-07-19
https://titantransfers.com/es/comments/feed/,2026-06-29
https://titantransfers.com/private-transfers/illinois/,2026-06-26
https://titantransfers.com/private-transfers/marmara/,2026-06-25
https://titantransfers.com/private-transfers/ontario/,2026-06-24
https://titantransfers.com/khadamat/nakl-mataar/,2026-06-24
https://titantransfers.com/trasferimenti-privati-paese/,2026-06-23
https://titantransfers.com/city/page/3/,2026-06-20
https://titantransfers.com/product/uv-dtf-transfers-by-size,2026-06-18
https://titantransfers.com/city/page/6/,2026-06-14
https://titantransfers.com/product/dtf-gang-sheet-copy-copy,2026-06-14
https://titantransfers.com/airport/atlanta-airport-transfers-2/,2026-06-13
https://titantransfers.com/product/glitter-dtf-transfers-by-size,2026-06-11
https://titantransfers.com/private-transfers/quebec/,2026-06-11
https://titantransfers.com/ar/khadamat/nakl-mina/,2026-06-11
https://titantransfers.com/es/choose-vehicle/,2026-06-09
https://titantransfers.com/ar/khadamat/madina-ila-madina/,2026-05-31
https://titantransfers.com/private-transfers/florida/,2026-05-23
https://titantransfers.com/city/page/7/,2026-05-13
https://titantransfers.com/private-transfers/pennsylvania/,2026-05-13
https://titantransfers.com/city/page/8/,2026-05-13
https://titantransfers.com/private-transfers/abu-dhabi-emirate/,2026-05-13
https://titantransfers.com/city/page/2/,2026-05-13
https://titantransfers.com/private-transfers/north-rhine-westphalia/,2026-05-10
https://titantransfers.com/private-transfers/british-columbia/,2026-05-10
https://titantransfers.com/country/feed/,2026-05-10
https://titantransfers.com/private-transfers/wallonia/,2026-05-10
https://titantransfers.com/private-transfers/leinster/,2026-05-09
https://titantransfers.com/private-transfers/ile-de-france/,2026-05-09
https://titantransfers.com/private-transfers/sicily/,2026-05-09
https://titantransfers.com/private-transfers/mediterranean-turkey/,2026-05-09
https://titantransfers.com/city/page/9/,2026-05-08
https://titantransfers.com/private-transfers/galicia/,2026-05-06
https://titantransfers.com/private-transfers/berlin-brandenburg/,2026-05-06
https://titantransfers.com/private-transfers/dubai-emirate/,2026-05-06
https://titantransfers.com/private-transfers/hesse/,2026-05-06
https://titantransfers.com/private-transfers/balearic-islands/,2026-05-06
https://titantransfers.com/private-transfers/norte-portugal/,2026-05-06
https://titantransfers.com/private-transfers/england/,2026-05-06
https://titantransfers.com/private-transfers/california/,2026-05-06
https://titantransfers.com/airport/barcelona-el-prat-airport/barcelona-el-prat-to-sitges/,2026-05-06
https://titantransfers.com/private-transfers/washington-state/,2026-05-06
https://titantransfers.com/private-transfers/brussels-capital/,2026-05-06
https://titantransfers.com/private-transfers/central-bohemia/,2026-05-06
https://titantransfers.com/private-transfers/hauts-de-france/,2026-05-06
https://titantransfers.com/private-transfers/lombardy/,2026-05-06
https://titantransfers.com/private-transfers/attica/,2026-05-06
https://titantransfers.com/airport/barcelona-el-prat-airport/,2026-05-06
https://titantransfers.com/private-transfers/,2026-05-06
https://titantransfers.com/private-transfers/new-york-state/,2026-05-06
https://titantransfers.com/private-transfers/canary-islands/,2026-05-06
https://titantransfers.com/private-transfers/greater-budapest/,2026-05-06
https://titantransfers.com/private-transfers/tuscany/,2026-05-06
https://titantransfers.com/private-transfers/massachusetts/,2026-05-06
https://titantransfers.com/private-transfers-country/,2026-05-06
https://titantransfers.com/traslados-privados-pais/,2026-05-05
https://titantransfers.com/private-transfers/cundinamarca/,2026-05-05
https://titantransfers.com/private-transfers/lisbon-region/,2026-05-05
https://titantransfers.com/private-transfers/community-of-madrid/,2026-05-05
https://titantransfers.com/airport-transfers-private-taxi/,2026-05-05
https://titantransfers.com/private-transfers/georgia-us/,2026-05-05
https://titantransfers.com/private-transfers/south-aegean/,2026-05-04
https://titantransfers.com/private-transfers/bavaria/,2026-05-04
https://titantransfers.com/airports/london-airport-transfers/london-city-airport-transfers/,2026-04-15
https://titantransfers.com/es/aeropuertos/traslados-aeropuerto-madrid/,2026-04-10
https://titantransfers.com/es/aeropuertos/traslados-aeropuerto-fort-lauderdale/,2026-04-06
https://titantransfers.com/es/aeropuertos/traslados-aeropuerto-los-angeles/,2026-04-06
https://titantransfers.com/es/aeropuertos/traslados-aeropuerto-faro/,2026-04-06
https://titantransfers.com/airports/london-airport-transfers/london-stansted-airport-transfers/,2026-04-06
https://titantransfers.com/airports/prague-airport-transfers/,2026-04-06
https://titantransfers.com/es/aeropuertos/traslados-aeropuerto-miami/,2026-04-06
https://titantransfers.com/es/airport/traslados-al-aeropuerto-de-kansas-city-2/,2026-04-05
https://titantransfers.com/es/aeropuertos/traslados-aeropuerto-abu-dhabi/,2026-04-05
https://titantransfers.com/es/aeropuertos/traslados-aeropuerto-antalya/,2026-04-04
https://titantransfers.com/es/aeropuertos/traslados-aeropuerto-cancun/,2026-04-03
https://titantransfers.com/airports/london-airport-transfers/london-gatwick-airport-transfers/,2026-04-02
https://titantransfers.com/es/aeropuertos/traslados-aeropuerto-newark/,2026-03-26
https://titantransfers.com/es/aeropuertos/traslados-aeropuerto-las-vegas/,2026-03-26
https://titantransfers.com/america-airport-transfers/,2026-03-24
https://titantransfers.com/airports/paris-airport-transfers/paris-beauvais-airport-transfers/,2026-03-22
https://titantransfers.com/es/aeropuertos/traslados-aeropuerto-estambul/,2026-03-21
https://titantransfers.com/rutas/traslados-desde-el-aeropuerto-de-estambul-ist-hasta-halkali/,2026-03-18
https://titantransfers.com/airports/new-york-airport-transfers/new-york-jfk-airport-transfers/,2026-03-15
https://titantransfers.com/es/country/,2026-03-15
https://titantransfers.com/como-preparar-equipaje-traslados-aeropuerto/,2026-03-12