consulta,impresiones
prague airport to city centre,260
getting from prague airport to city centre,285
best way to get from prague airport to city centre,320
how to get from prague airport to city centre,109
transfer prague airport to city centre,53
prague airport to city center,64
transfer from prague airport to city centre,53
taxi from prague airport to old town,131
prague airport to city,137
public transport from prague airport to city centre,115
prague airport to city centre distance,115
transport from prague airport to city centre,108
airport to prague city centre,14
cost of taxi from prague airport to city centre,39
transport from prague airport to hotel,63
prague airport shuttle,106
prague airport transportation,83
prg airport pickup,126
prg airport drop off,48
getting to prague airport,77
getting from prague airport to city,121
transfer prague airport to city,46
airport transfer prague to city centre,44
prague airport transfers prague,55
paris beauvais private transfer,280
taxi fare from paris to beauvais airport,186
beauvais airport transfer paris,154
transfer from paris beauvais airport to paris,129
transfer from paris beauvais airport to hotel,123
taxi paris beauvais airport,80
private transfer from beauvais airport to paris,78
beauvais airport taxi,68
paris beauvais airport private transfer,55
taxi from beauvais airport to paris,53
beauvais airport distance from paris 85 km official,36
private transfer beauvais to paris,3
paris-beauvais airport to city centre distance,1
taxi budapest airport,172
airport taxi budapest,77
budapest airport private transfer,64
budapest airport taxi,51
taxi budapest ferenc liszt international airport,50
taxi aeropuerto budapest,50
budapest airport to st stephen's basilica,35
transfers from palma airport to palma nova,204
transfer from palma airport to palma nova,113
taxi from palma airport to palma nova,106
transfers from palma airport to palmanova,63
palma airport to palma nova,46
transfer alcudia 77,35
athens airport transfer,110
transfer to athens airport,108
private transfer athens airport,82
athens international airport taxi,67
athens airport private taxi service,50
athens international airport transfer,49
transfer to athens airport 2,49
transfer del aeropuerto de newark a queens o brooklyn,171
transfers from newark airport to manhattan,48
newark airport pickup service,49
traslado newark manhattan,57
transfers from dubai to jebel ali,77
dubai to jebel ali transfers,75
ras al khaimah to jebel ali,68
vuelo al aeropuerto de jebel ali,42
aeropuerto cozumel czm a playa del carmen ferry,142
aeropuerto cozumel a playa del carmen,156
traslado aeropuerto cozumel a hotel,20
aeropuerto fort lauderdale fll a port everglades vuelo,75
girona to estartit transfers,82
transfer andorra,115
transfer aeropuerto alicante benidorm,36
traslado al aeropuerto benidorm,74
milano linate airport transfer,86
airport transfers milan linate,54
transfer aeropuerto golf,157
malaga golf transfers,39
golf transfers malaga,36
transfer marbella,37
transfer from malaga airport to estepona,59
transfer aeropuerto malaga estepona,42
traslado aeropuerto malaga estepona,42
transfer aeropuerto malaga nerja,38
punta cana airport to uvero alto,85
punta cana airport to puerto plata,39
transfers from punta cana to puerto plata,55
punta cana to la romana cruise port,48
punta cana airport to la romana cruise terminal,73
transfer punta cana la romana cruise port,61
punta cana airport to la romana cruise port,69
transfer punta cana bayahibe,66
tulum to costa mujeres transfer,74
tulum to puerto morelos transfer,35
pickup service from valladolid to tulum,131
pickup service from tulum to valladolid,75
tulum to tulum airport transfer,61
transporte aeropuerto tulum,108
transfer cancun tulum,1
transfer guarulhos campinas,18
transfer aeropuerto madrid toledo,121
madrid airport taxi flat fare 30 euros m-30 official,50
transfer barajas madrid,129
shuttle barajas airport madrid,201
transfer aeropuerto madrid barajas,76
bali airport to seminyak,52
antalya airport to lara beach transfer time 20 minutes,40
antalya airport to beldibi,1
transfer skopje airport to city,6
transfers from tenerife south airport to golf del sur,87
traslados aeropuerto tenerife norte a puerto de la cruz,72
taxi tenerife norte puerto de la cruz,69
taxi puerto de la cruz aeropuerto norte,73
transfer aeropuerto alicante a alicante ciudad,76
traslado aeropuerto alicante denia,64
transfer aeropuerto alicante javea,89
transfer torrevieja,43
transfer almeria,41
transfer galicia,42
traslados santiago de compostela aeropuerto,70
transfer aeropuerto santiago,97
transfer santiago aeropuerto,52
traslado aeropuerto santiago,61
transfer premium cala d'or,120
transfers from palma airport to sa coma,150
palma airport to sa coma transfer time,74
transfer time from palma airport to sa coma,19
barcelona airport to salou transfer,70
traslado aeropuerto barcelona a salou,168
transfer baratos traslado aeropuerto de barcelona a salou,416
traslados desde aeropuerto de barcelona a salou,372
traslados aeropuerto de barcelona a salou,284
traslado aeropuerto barcelona salou,162
airport transfers barcelona to salou,73
traslado aeropuerto de barcelona a salou,61
barcelona el prat a salou transfer,145
traslados del aeropuerto de barcelona a salou,151
traslado barcelona salou,49
barcelona to salou transfer,66
barcelona salou transfer,40
traslado salou a aeropuerto barcelona,134
taxi barcelona salou,54
transporte aeropuerto barcelona salou,43
transfer aeropuerto barcelona salou,57
traslados aeropuerto barcelona salou,63
transfers from reus to salou,121
transfers from reus airport to salou,99
reus to salou transfer,82
airport transfers reus to salou,110
transfer from reus airport to salou,9
traslado aeropuerto reus salou,178
traslado aeropuerto salou,131
salou airport transfers,54
taxi transfer salou,68
traslados a salou,41
private transfer salou,20
barcelona airport to sitges,187
barcelona airport to sitges taxi cost,13
transfer barcelona sitges,2
transfers aeropuerto barcelona sitges,42
barcelona airport to terrassa,61
aeropuerto barcelona a terrassa,82
taxi sant cugat aeropuerto,78
taxi sant cugat aeropuerto precio,40
aeropuerto barcelona a badalona,39
barcelona airport to badalona,40
traslados en taxi al aeropuerto en badalona,65
taxis al aeropuerto en badalona,40
traslado aeropuerto prat a castelldefels,313
traslado aeropuerto barcelona castelldefels,64
transfer privado barcelona - igualada,305
transfer barcelona a igualada,37
transfer privado igualada,139
transfers privados igualada,139
transfer privado barcelona - manresa,182
transfer privado manresa,113
traslado aeropuerto barcelona mataro,137
traslado aeropuerto barcelona santa susanna,85
taxi barcelona tarragona,66
traslados privados tarragona,139
traslados al aeropuerto tarragona,127
taxi barcelona girona,40
taxi girona aeropuerto,60
transfer girona,83
transfers girona,55
taxi aeropuerto girona,42
girona airport transfers,39
transfer aeroport barcelona palafrugell,60
traslado vilanova aeropuerto,46
taxi transfer cambrils,89
transfer cambrils barcelona airport,54
aeropuerto barcelona a terrassa 2,61
minivan aeropuerto barcelona,180
minivan transfer barcelona,60
frankfurt airport to heidelberg transfer,11
flughafentransfer frankfurt heidelberg,66
airport shuttle frankfurt heidelberg,37
frankfurt airport to heidelberg shuttle,38
transfer to frankfurt airport,68
transfers frankfurt airport,51
hong kong airport to disneyland,57
hong kong international airport to disneyland,37
bali airport to amed,20
transfer from tirana airport to durres,17
tirana to borsh,46
tirana to dhermi transfer,65
tirana to vlore transfer,61
tirana to berat transfer,38
transfer tirana ksamil,35
mostar to split transfer,65
mostar to dubrovnik transfer,51
mostar airport to medjugorje,91
mostar to sarajevo transfer,67
transfer mostar sarajevo,9
pristina airport to prizren,47
taxi from pristina airport to city,65
pristina airport to city center,5
sarajevo airport to city center,72
sarajevo airport to city centre,39
taxi from sarajevo airport to city centre,49
abu dhabi airport to ajman,58
private transfer abu dhabi to dubai,87
sharjah airport transfer,80
transfers from punta cana to puerto plata 2,55
richmond airport taxi transfers,103
seattle tacoma airport taxi,59
doha airport taxi,87
faro airport taxi fares official,162
taxi aeropuerto faro,132
faro airport taxi,38
algarve faro airport transfers,140
airport transfers portugal faro,115
traslados lisboa,146
transfers lisboa,342
transporte privado lisboa,59
transfer aeropuerto lisboa,235
taxi aeropuerto lisboa,69
traslado aeropuerto lisboa,44
empresas traslado privado lisboa,72
transfers oporto,108
taxi aeropuerto oporto,77
taxi oporto,36
avion privado oporto,37
transfer aeropuerto sevilla,105
transfer aeropuerto lanzarote,64
traslados aeropuerto lanzarote,38
transfers lanzarote airport playa blanca,38
transfer aeropuerto mallorca,44
airport transfers palma,38
transfer tenerife sur,54
best beaches in tenerife south,42
transfer aeropuerto berlin,43
transfers berlin,48
transfer aeropuerto viena,36
transfer aeropuerto praga,56
traslados aeropuerto praga,51
transfer praga aeropuerto,43
transfer aeropuerto estambul,213
traslados aeropuerto estambul,165
taxi aeropuerto estambul,47
transfer estambul aeropuerto,126
transfer airport istanbul,2
transfer aeropuerto marrakech,217
traslados marrakech,98
transfers marrakech,175
taxi aeropuerto marrakech,60
traslado aeropuerto marrakech,76
traslados aeropuerto marrakech,83
tangier airport transfers,44
traslados privados aeropuerto tanger,42
transfer aeropuerto atenas,83
traslados aeropuerto atenas,54
traslados en egina,36
transfer aeropuerto roma,130
traslados aeropuerto roma,224
transfer roma aeropuerto,140
traslados roma aeropuerto,82
traslados roma aeropuerto fiumicino,80
transfer aeropuerto roma fiumicino,78
transfer aeropuerto fiumicino a roma,66
traslados aeropuerto roma fiumicino,50
traslados en roma,72
transfers roma,146
roma transfers,67
traslados roma,73
traslados aeropuerto roma a hotel,58
transfer aeropuerto santo domingo,2
punta cana airport to boca chica,167
transfer aeropuerto mexico,116
taxi aeropuerto mexico,100
transporte privado aeropuerto cancun,91
transporte aeropuerto cancun,56
guarda equipaje aeropuerto de cancun,242
traslados aeropuerto miami,47
reservar taxi miami,259
transfers miami,155
taxi aeropuerto miami,24
traslados aeropuerto las vegas,35
taxi aeropuerto las vegas,61
traslados aeropuerto nueva york,58
new york city transfers,87
reservar taxi nueva york,48
traslados aeropuerto anaheim,43
traslados aeropuerto londres,193
transfer aeropuerto londres,71
taxi aeropuerto londres,40
traslado aeropuerto heathrow a londres,72
traslado heathrow londres,47
traslados stansted londres,60
transfer stansted londres,121
traslado stansted londres,43
transfer londres gatwick,37
traslado luton londres,56
london to luton airport transportation options,108
transfers amsterdam,63
traslados aeropuerto amsterdam,192
taxi aeropuerto amsterdam,63
private airport transfer amsterdam,126
ams pickup,182
ams airport drop off,58
consigna schiphol,77
transfer to schiphol airport,41
transfers bruselas,71
airport transfers brussels charleroi,42
brussels charleroi,2
transfer aeropuerto praga 2,56
geneva airport transfer,74
airport transfer service geneva,93
geneva airport private transfer,43
transfers budapest,118
traslados aeropuerto budapest,40
transfers dublin,72
traslados dublin,40
transfers edimburgo,154
transfers londres,15
transfers paris,41
transfer private paris,82
traslados privados en paris,39
traslado privado de paris a angers hasta 7 personas,157
trasferimento privato da parigi a bayeux fino a 7 persone,92
trasferimento privato da parigi ad angers fino a 7 persone,40
transfers turkey,54
private transfers turkey,319
turkey private transfer,142
private transfer turkey,232
private taxi turkey,13
antalya turkey airport transfers,116
ayt airport transfer,109
transfers in morocco,45
private transfers dubai,125
traslados en dubai,9
dubai private transfer,46
transfers from dubai to jebel ali 2,77
private transfers algarve 24h,81
portugal transfers,81
transfers portugal,69
hotel transfers portugal,56
transfers in portugal,81
portugal private transfers,48
transfers mexico,59
transfers in barcelona,90
barcelona private transfers,55
private transfers barcelona,38
transfers barcelona,1468
transfers en barcelona,1121
transfers privados barcelona,2069
transfer privado barcelona,1820
transporte privado barcelona,1298
traslados privados barcelona,1166
reservar transfer barcelona,752
empresas de transfers en barcelona,670
taxi privado barcelona,603
transfers aeropuerto barcelona,825
transfer barcelona,466
transfer aeropuerto barcelona,420
empresas de transporte privado en barcelona,374
traslados al aeropuerto de barcelona,287
servicio de transfers en barcelona,266
transporte privado en barcelona,215
transportes privados barcelona,210
traslado aeropuerto barcelona,196
taxi privado en barcelona,183
traslados aeropuerto barcelona,311
traslados barcelona,299
transfer en barcelona,121
traslados desde aeropuerto barcelona,154
traslados al aeropuerto barcelona,152
recogida aeropuerto barcelona,55
oferta taxi aeropuerto barcelona,48
chofer aeropuerto barcelona,60
servicio shuttle aeropuerto barcelona,93
transfer al aeropuerto el prat,89
reservar transfer al aeropuerto el prat de llobregat,37
transporte privado aeropuerto barcelona,70
traslado al aeropuerto barcelona,104
transfer aeropuerto de barcelona,112
taxi al aeropuerto de barcelona,50
transfer corporativo barcelona aeropuerto para empresas,79
traslados turisticos barcelona,88
reserva de traslados en barcelona,69
traslados en taxi barcelona,63
vip taxi bcn,50
transfer privado aeropuerto barcelona,46
transfers madrid,223
transfer aeropuerto madrid,483
traslados aeropuerto madrid,475
transfer madrid aeropuerto,270
transporte privado madrid,177
traslado aeropuerto madrid,155
transfer privado madrid,150
transporte privado madrid precios,149
traslados aeropuerto madrid centro,147
desplazamientos privados madrid,140
transfers en madrid,140
precio transporte privado madrid,127
transfer in madrid,85
traslados al aeropuerto madrid,79
madrid transfer aeropuerto,58
airport madrid transfer,128
airport transfers madrid spain,64
private transfer madrid,13
traslados privados aeropuerto madrid,38
servicio transfer aeropuerto madrid,69
chofer para aeropuerto madrid,39
transfer privado aeropuerto madrid,73
shuttle aeropuerto madrid,229
transfer madrid barajas,114
